[
    { 
        "id": 1, 
        "nombre": "Blue Period", 
        "precio": 990,
        "stock":7, 
        "imgUrl": "../img/blueperiod1.jpg"
    },
  
    { 
        "id": 2, 
        "nombre": "Re:Zero", 
        "precio": 1000,
        "stock":7,
        "imgUrl": "../img/unnamed-241.jpg" 
    },
  
    { 
        "id": 3,
        "nombre": "Banana Fish",
        "precio": 1900,
        "stock":8, 
        "imgUrl": "../img/banana31-320-0.jpg" 
    },
  
    { 
        "id": 4, 
        "nombre": "Tokyo Revenger",
        "precio": 1200,
        "stock":8,
        "imgUrl": "../img/tokyorevengers-320-0.jpg" 
    },
  
    { 
        "id": 5,
        "nombre": "Akame Ga Kill",
        "precio": 1200,
        "stock":8,
        "imgUrl": "../img/akamegakill041-14-0.jpg"
     },
  
    { 
        "id": 6,
        "nombre": "Amor de Gata",
        "precio": 2000,
        "stock":5,
        "imgUrl": "../img/amordegata11-f-0.jpg"
     },
  
    { 
        "id": 7,
        "nombre": "Call Of The Night",
        "precio": 1200,
        "stock":7, 
        "imgUrl": "../img/callofthenight11-3dc-0.jpg" 
    },
  
    { 
        "id": 8,
        "nombre": "Chainsaw Man",
        "precio": 1200,
        "stock":7, 
        "imgUrl": "../img/chainsawman011-29a-0.jpg"
  },
    { 
        "id": 9,
        "nombre": "Dandadan",
        "precio": 1200,
        "stock":6, 
        "imgUrl": "../img/dandadan011.jpg"
     },
     { 
        "id": 10,
        "nombre": "Hitorijime Boyfriend",
        "precio": 1200,
        "stock":5, 
        "imgUrl": "../img/hitorijimeboyfriend1.jpg" 
    },
  
    { 
        "id": 11,
        "nombre": "Jujutsu Kaisen 01", 
        "precio": 1100,
        "stock":10, 
        "imgUrl": "../img/jujutsu01-94fb-0.jpg" 
    },
  
    {
        "id": 12, 
        "nombre": "Jujutsu Kaisen 11", 
        "precio": 1100,
        "stock":9, 
        "imgUrl": "../img/jujutsu11-0d3-0.jpg" 
  },
  
    { 
        "id": 13, 
        "nombre": "Mushoku", 
        "precio": 1200,
        "stock":5, 
        "imgUrl": "../img/mushoku11-215.jpg" 
    },
  
    { 
        "id": 14, 
        "nombre": "One Piece  33",
        "precio": 1200,
        "stock":4,
        "imgUrl": "../img/onepiece331-b3b-0.jpg" 
    },
  
    { 
        "id": 15, 
        "nombre": "Oshinoko 1", 
        "precio": 1200,
        "stock":3, 
        "imgUrl": "../img/oshinoko011-27d8-0.jpg"
    },
    {
        "id": 16, 
        "nombre": " living tsunaga", 
        "precio": 1200,
        "stock":3, 
        "imgUrl": "../img/livingnomatsunaga011.jpg"
    }
  
  ]